Código región,Región,Código provincia,Provincia,Código comuna,Comuna,Años de escolaridad promedio,Años de escolaridad promedio para la población de 18 años o más
0,País,0,País,0,País,"11,5","12,9"
15,Arica y Parinacota,151,Arica,15101,Arica,"10,0","11,2"
15,Arica y Parinacota,151,Arica,15102,Camarones,"8,9","9,4"
15,Arica y Parinacota,152,Parinacota,15201,Putre,"8,9","9,6"
15,Arica y Parinacota,152,Parinacota,15202,General Lagos,"6,8","8,4"
1,Tarapacá,11,Iquique,1101,Iquique,"10,8","12,1"
1,Tarapacá,11,Iquique,1107,Alto Hospicio,"9,6","10,9"
1,Tarapacá,14,Del Tamarugal,1401,Pozo Almonte,"9,5","10,7"
1,Tarapacá,14,Del Tamarugal,1402,Camiña,"7,5","9,1"
1,Tarapacá,14,Del Tamarugal,1403,Colchane,"7,8","9,5"
1,Tarapacá,14,Del Tamarugal,1404,Huara,"8,2","9,6"
1,Tarapacá,14,Del Tamarugal,1405,Pica,"9,4","10,7"
2,Antofagasta,21,Antofagasta,2101,Antofagasta,"10,6","11,8"
2,Antofagasta,21,Antofagasta,2102,Mejillones,"9,7","11,1"
2,Antofagasta,21,Antofagasta,2103,Sierra Gorda,"9,7","11,3"
2,Antofagasta,21,Antofagasta,2104,Taltal,"9,4","10,8"
2,Antofagasta,22,El Loa,2201,Calama,"10,4","11,7"
2,Antofagasta,22,El Loa,2202,Ollagüe,"7,7","8,0"
2,Antofagasta,22,El Loa,2203,San Pedro de Atacama,"10,3","11,6"
2,Antofagasta,23,Tocopilla,2301,Tocopilla,"9,8","11,1"
2,Antofagasta,23,Tocopilla,2302,María Elena,"10,1","11,7"
3,Atacama,31,Copiapó,3101,Copiapó,"10,3","11,8"
3,Atacama,31,Copiapó,3102,Caldera,"10,8","12,2"
3,Atacama,31,Copiapó,3103,Tierra Amarilla,"9,5","11,0"
3,Atacama,32,Chañaral,3201,Chañaral,"9,8","11,6"
3,Atacama,32,Chañaral,3202,Diego de Almagro,"10,1","11,6"
3,Atacama,33,Huasco,3301,Vallenar,"10,3","12,1"
3,Atacama,33,Huasco,3302,Alto del Carmen,"9,5","10,7"
3,Atacama,33,Huasco,3303,Freirina,"11,4","13,1"
3,Atacama,33,Huasco,3304,Huasco,"10,5","12,0"
4,Coquimbo,41,Elqui,4101,La Serena,"11,7","13,3"
4,Coquimbo,41,Elqui,4102,Coquimbo,"10,9","12,5"
4,Coquimbo,41,Elqui,4103,Andacollo,"10,7","12,1"
4,Coquimbo,41,Elqui,4104,La Higuera,"9,5","11,0"
4,Coquimbo,41,Elqui,4105,Paiguano,"11,3","13,0"
4,Coquimbo,41,Elqui,4106,Vicuña,"9,9","11,7"
4,Coquimbo,42,Choapa,4201,Illapel,"11,2","13,2"
4,Coquimbo,42,Choapa,4202,Canela,"10,9","12,5"
4,Coquimbo,42,Choapa,4203,Los Vilos,"10,4","12,3"
4,Coquimbo,42,Choapa,4204,Salamanca,"10,3","12,0"
4,Coquimbo,43,Limarí,4301,Ovalle,"10,6","12,0"
4,Coquimbo,43,Limarí,4302,Combarbalá,"11,2","13,0"
4,Coquimbo,43,Limarí,4303,Monte Patria,"10,1","11,3"
4,Coquimbo,43,Limarí,4304,Punitaqui,"9,7","11,8"
4,Coquimbo,43,Limarí,4305,Río Hurtado,"11,3","11,6"
5,Valparaíso,51,Valparaíso,5101,Valparaíso,"11,7","13,4"
5,Valparaíso,51,Valparaíso,5102,Casablanca,"10,7","12,5"
5,Valparaíso,51,Valparaíso,5103,Concón,"12,9","14,5"
5,Valparaíso,51,Valparaíso,5104,Juan Fernández,"13,4","14,1"
5,Valparaíso,51,Valparaíso,5105,Puchuncaví,"11,1","12,5"
5,Valparaíso,51,Valparaíso,5107,Quintero,"10,9","12,3"
5,Valparaíso,51,Valparaíso,5109,Viña del Mar,"12,3","13,9"
5,Valparaíso,52,Isla de Pascua,5201,Isla de Pascua,"12,5","13,5"
5,Valparaíso,53,Los Andes,5301,Los Andes,"11,2","12,7"
5,Valparaíso,53,Los Andes,5302,Calle Larga,"11,3","12,7"
5,Valparaíso,53,Los Andes,5303,Rinconada,"11,2","13,0"
5,Valparaíso,53,Los Andes,5304,San Esteban,"11,0","12,5"
5,Valparaíso,54,Petorca,5401,La Ligua,"10,7","12,2"
5,Valparaíso,54,Petorca,5402,Cabildo,"10,4","12,2"
5,Valparaíso,54,Petorca,5403,Papudo,"10,7","12,7"
5,Valparaíso,54,Petorca,5404,Petorca,"9,6","11,0"
5,Valparaíso,54,Petorca,5405,Zapallar,"11,9","13,4"
5,Valparaíso,55,Quillota,5501,Quillota,"11,0","12,8"
5,Valparaíso,55,Quillota,5502,Calera,"10,5","12,1"
5,Valparaíso,55,Quillota,5503,Hijuelas,"10,2","11,9"
5,Valparaíso,55,Quillota,5504,La Cruz,"11,9","13,5"
5,Valparaíso,55,Quillota,5506,Nogales,"10,3","11,8"
5,Valparaíso,56,San Antonio,5601,San Antonio,"10,5","12,0"
5,Valparaíso,56,San Antonio,5602,Algarrobo,"12,7","13,9"
5,Valparaíso,56,San Antonio,5603,Cartagena,"10,4","12,1"
5,Valparaíso,56,San Antonio,5604,El Quisco,"10,8","12,7"
5,Valparaíso,56,San Antonio,5605,El Tabo,"10,8","12,5"
5,Valparaíso,56,San Antonio,5606,Santo Domingo,"13,0","14,6"
5,Valparaíso,57,San Felipe de Aconcagua,5701,San Felipe,"10,2","11,3"
5,Valparaíso,57,San Felipe de Aconcagua,5702,Catemu,"9,9","10,9"
5,Valparaíso,57,San Felipe de Aconcagua,5703,Llaillay,"9,5","11,0"
5,Valparaíso,57,San Felipe de Aconcagua,5704,Panquehue,"11,5","12,5"
5,Valparaíso,57,San Felipe de Aconcagua,5705,Putaendo,"10,8","12,2"
5,Valparaíso,57,San Felipe de Aconcagua,5706,Santa María,"9,9","11,5"
5,Valparaíso,58,Marga Marga,5801,Quilpué,"11,9","13,6"
5,Valparaíso,58,Marga Marga,5802,Limache,"11,5","12,7"
5,Valparaíso,58,Marga Marga,5803,Olmué,"12,1","13,6"
5,Valparaíso,58,Marga Marga,5804,Villa Alemana,"12,2","13,7"
13,Metropolitana de Santiago,131,Santiago,13101,Santiago,"12,5","13,6"
13,Metropolitana de Santiago,131,Santiago,13102,Cerrillos,"10,4","11,5"
13,Metropolitana de Santiago,131,Santiago,13103,Cerro Navia,"10,4","11,7"
13,Metropolitana de Santiago,131,Santiago,13104,Conchalí,"10,9","12,1"
13,Metropolitana de Santiago,131,Santiago,13105,El Bosque,"10,6","12,1"
13,Metropolitana de Santiago,131,Santiago,13106,Estación Central,"11,4","12,9"
13,Metropolitana de Santiago,131,Santiago,13107,Huechuraba,"12,7","14,1"
13,Metropolitana de Santiago,131,Santiago,13108,Independencia,"11,5","12,8"
13,Metropolitana de Santiago,131,Santiago,13109,La Cisterna,"11,7","13,4"
13,Metropolitana de Santiago,131,Santiago,13110,La Florida,"12,4","13,8"
13,Metropolitana de Santiago,131,Santiago,13111,La Granja,"10,7","12,1"
13,Metropolitana de Santiago,131,Santiago,13112,La Pintana,"10,2","11,5"
13,Metropolitana de Santiago,131,Santiago,13113,La Reina,"13,9","15,2"
13,Metropolitana de Santiago,131,Santiago,13114,Las Condes,"14,8","15,9"
13,Metropolitana de Santiago,131,Santiago,13115,Lo Barnechea,"13,1","14,9"
13,Metropolitana de Santiago,131,Santiago,13116,Lo Espejo,"10,1","11,3"
13,Metropolitana de Santiago,131,Santiago,13117,Lo Prado,"10,9","12,0"
13,Metropolitana de Santiago,131,Santiago,13118,Macul,"13,0","14,4"
13,Metropolitana de Santiago,131,Santiago,13119,Maipú,"11,5","12,9"
13,Metropolitana de Santiago,131,Santiago,13120,Ñuñoa,"14,8","15,9"
13,Metropolitana de Santiago,131,Santiago,13121,Pedro Aguirre Cerda,"10,3","11,6"
13,Metropolitana de Santiago,131,Santiago,13122,Peñalolén,"11,6","13,0"
13,Metropolitana de Santiago,131,Santiago,13123,Providencia,"15,3","16,2"
13,Metropolitana de Santiago,131,Santiago,13124,Pudahuel,"11,1","12,4"
13,Metropolitana de Santiago,131,Santiago,13125,Quilicura,"11,1","12,3"
13,Metropolitana de Santiago,131,Santiago,13126,Quinta Normal,"11,2","12,7"
13,Metropolitana de Santiago,131,Santiago,13127,Recoleta,"10,9","11,9"
13,Metropolitana de Santiago,131,Santiago,13128,Renca,"10,8","12,0"
13,Metropolitana de Santiago,131,Santiago,13129,San Joaquín,"11,6","13,0"
13,Metropolitana de Santiago,131,Santiago,13130,San Miguel,"12,8","14,4"
13,Metropolitana de Santiago,131,Santiago,13131,San Ramón,"10,5","11,9"
13,Metropolitana de Santiago,131,Santiago,13132,Vitacura,"14,3","16,0"
13,Metropolitana de Santiago,132,Cordillera,13201,Puente Alto,"11,3","12,6"
13,Metropolitana de Santiago,132,Cordillera,13202,Pirque,"13,0","14,0"
13,Metropolitana de Santiago,132,Cordillera,13203,San José de Maipo,"11,6","12,8"
13,Metropolitana de Santiago,133,Chacabuco,13301,Colina,"11,3","12,7"
13,Metropolitana de Santiago,133,Chacabuco,13302,Lampa,"10,7","12,2"
13,Metropolitana de Santiago,133,Chacabuco,13303,Tiltil,"10,4","12,2"
13,Metropolitana de Santiago,134,Maipo,13401,San Bernardo,"10,9","12,2"
13,Metropolitana de Santiago,134,Maipo,13402,Buin,"11,7","13,2"
13,Metropolitana de Santiago,134,Maipo,13403,Calera de Tango,"10,8","12,0"
13,Metropolitana de Santiago,134,Maipo,13404,Paine,"10,3","11,8"
13,Metropolitana de Santiago,135,Melipilla,13501,Melipilla,"10,0","11,3"
13,Metropolitana de Santiago,135,Melipilla,13502,Alhué,"10,1","11,4"
13,Metropolitana de Santiago,135,Melipilla,13503,Curacaví,"11,6","13,0"
13,Metropolitana de Santiago,135,Melipilla,13504,María Pinto,"10,0","11,4"
13,Metropolitana de Santiago,135,Melipilla,13505,San Pedro,"8,6","9,9"
13,Metropolitana de Santiago,136,Talagante,13601,Talagante,"10,6","12,2"
13,Metropolitana de Santiago,136,Talagante,13602,El Monte,"11,1","12,4"
13,Metropolitana de Santiago,136,Talagante,13603,Isla de Maipo,"10,9","12,3"
13,Metropolitana de Santiago,136,Talagante,13604,Padre Hurtado,"11,5","13,0"
13,Metropolitana de Santiago,136,Talagante,13605,Peñaflor,"11,5","13,0"
6,Libertador General Bernardo O'Higgins,61,Cachapoal,6101,Rancagua,"11,5","13,2"
6,Libertador General Bernardo O'Higgins,61,Cachapoal,6102,Codegua,"9,8","11,5"
6,Libertador General Bernardo O'Higgins,61,Cachapoal,6103,Coinco,"10,6","12,2"
6,Libertador General Bernardo O'Higgins,61,Cachapoal,6104,Coltauco,"9,8","11,2"
6,Libertador General Bernardo O'Higgins,61,Cachapoal,6105,Doñihue,"10,4","11,7"
6,Libertador General Bernardo O'Higgins,61,Cachapoal,6106,Graneros,"10,2","11,5"
6,Libertador General Bernardo O'Higgins,61,Cachapoal,6107,Las Cabras,"10,0","11,6"
6,Libertador General Bernardo O'Higgins,61,Cachapoal,6108,Machalí,"12,8","14,6"
6,Libertador General Bernardo O'Higgins,61,Cachapoal,6109,Malloa,"9,8","11,4"
6,Libertador General Bernardo O'Higgins,61,Cachapoal,6110,Mostazal,"10,6","12,4"
6,Libertador General Bernardo O'Higgins,61,Cachapoal,6111,Olivar,"11,2","12,5"
6,Libertador General Bernardo O'Higgins,61,Cachapoal,6112,Peumo,"10,4","11,3"
6,Libertador General Bernardo O'Higgins,61,Cachapoal,6113,Pichidegua,"9,4","11,2"
6,Libertador General Bernardo O'Higgins,61,Cachapoal,6114,Quinta de Tilcoco,"9,4","11,4"
6,Libertador General Bernardo O'Higgins,61,Cachapoal,6115,Rengo,"10,4","11,8"
6,Libertador General Bernardo O'Higgins,61,Cachapoal,6116,Requínoa,"10,3","11,8"
6,Libertador General Bernardo O'Higgins,61,Cachapoal,6117,San Vicente,"10,8","12,0"
6,Libertador General Bernardo O'Higgins,62,Cardenal Caro,6201,Pichilemu,"11,4","13,1"
6,Libertador General Bernardo O'Higgins,62,Cardenal Caro,6202,La Estrella,"10,9","12,0"
6,Libertador General Bernardo O'Higgins,62,Cardenal Caro,6203,Litueche,"10,0","11,5"
6,Libertador General Bernardo O'Higgins,62,Cardenal Caro,6204,Marchihue,"11,0","12,0"
6,Libertador General Bernardo O'Higgins,62,Cardenal Caro,6205,Navidad,"11,7","13,1"
6,Libertador General Bernardo O'Higgins,62,Cardenal Caro,6206,Paredones,"9,9","12,4"
6,Libertador General Bernardo O'Higgins,63,Colchagua,6301,San Fernando,"11,2","12,8"
6,Libertador General Bernardo O'Higgins,63,Colchagua,6302,Chépica,"9,0","10,7"
6,Libertador General Bernardo O'Higgins,63,Colchagua,6303,Chimbarongo,"10,6","11,8"
6,Libertador General Bernardo O'Higgins,63,Colchagua,6304,Lolol,"9,5","11,2"
6,Libertador General Bernardo O'Higgins,63,Colchagua,6305,Nancagua,"9,9","11,7"
6,Libertador General Bernardo O'Higgins,63,Colchagua,6306,Palmilla,"10,2","12,4"
6,Libertador General Bernardo O'Higgins,63,Colchagua,6307,Peralillo,"10,5","12,3"
6,Libertador General Bernardo O'Higgins,63,Colchagua,6308,Placilla,"9,2","10,8"
6,Libertador General Bernardo O'Higgins,63,Colchagua,6309,Pumanque,"10,7","12,3"
6,Libertador General Bernardo O'Higgins,63,Colchagua,6310,Santa Cruz,"11,0","12,7"
7,Maule,71,Talca,7101,Talca,"11,7","13,5"
7,Maule,71,Talca,7102,Constitución,"11,2","12,9"
7,Maule,71,Talca,7103,Curepto,"11,9","13,2"
7,Maule,71,Talca,7104,Empedrado,"10,5","12,4"
7,Maule,71,Talca,7105,Maule,"11,3","13,1"
7,Maule,71,Talca,7106,Pelarco,"11,1","12,2"
7,Maule,71,Talca,7107,Pencahue,"10,9","12,7"
7,Maule,71,Talca,7108,Río Claro,"9,5","11,0"
7,Maule,71,Talca,7109,San Clemente,"10,3","11,4"
7,Maule,71,Talca,7110,San Rafael,"11,1","12,8"
7,Maule,72,Cauquenes,7201,Cauquenes,"11,3","12,7"
7,Maule,72,Cauquenes,7202,Chanco,"9,0","10,2"
7,Maule,72,Cauquenes,7203,Pelluhue,"11,6","13,3"
7,Maule,73,Curicó,7301,Curicó,"11,4","13,0"
7,Maule,73,Curicó,7302,Hualañé,"10,6","11,9"
7,Maule,73,Curicó,7303,Licantén,"10,0","12,1"
7,Maule,73,Curicó,7304,Molina,"10,2","11,7"
7,Maule,73,Curicó,7305,Rauco,"9,7","11,1"
7,Maule,73,Curicó,7306,Romeral,"10,2","11,8"
7,Maule,73,Curicó,7307,Sagrada Familia,"10,1","11,7"
7,Maule,73,Curicó,7308,Teno,"10,4","11,8"
7,Maule,73,Curicó,7309,Vichuquén,"11,0","12,8"
7,Maule,74,Linares,7401,Linares,"11,6","13,0"
7,Maule,74,Linares,7402,Colbún,"11,2","13,0"
7,Maule,74,Linares,7403,Longaví,"9,9","11,0"
7,Maule,74,Linares,7404,Parral,"10,7","12,1"
7,Maule,74,Linares,7405,Retiro,"10,3","11,6"
7,Maule,74,Linares,7406,San Javier,"10,5","12,0"
7,Maule,74,Linares,7407,Villa Alegre,"10,4","11,8"
7,Maule,74,Linares,7408,Yerbas Buenas,"10,8","12,2"
16,Ñuble,161,Diguillín,16101,Chillán,"12,0","13,7"
16,Ñuble,161,Diguillín,16102,Bulnes,"10,8","12,0"
16,Ñuble,161,Diguillín,16103,Chillán Viejo,"11,2","13,1"
16,Ñuble,161,Diguillín,16104,El Carmen,"9,9","12,3"
16,Ñuble,161,Diguillín,16105,Pemuco,"12,3","13,6"
16,Ñuble,161,Diguillín,16106,Pinto,"12,2","13,0"
16,Ñuble,161,Diguillín,16107,Quillón,"10,3","12,6"
16,Ñuble,161,Diguillín,16108,San Ignacio,"9,9","11,7"
16,Ñuble,161,Diguillín,16109,Yungay,"11,7","12,5"
16,Ñuble,162,Itata,16201,Quirihue,"11,4","12,4"
16,Ñuble,162,Itata,16202,Cobquecura,"12,8","13,1"
16,Ñuble,162,Itata,16203,Coelemu,"10,7","12,2"
16,Ñuble,162,Itata,16204,Ninhue,"12,4","13,2"
16,Ñuble,162,Itata,16205,Portezuelo,"12,2","13,5"
16,Ñuble,162,Itata,16206,Ránquil,"13,4","14,1"
16,Ñuble,162,Itata,16207,Trehuaco,"12,1","13,1"
16,Ñuble,163,Punilla,16301,San Carlos,"11,2","12,8"
16,Ñuble,163,Punilla,16302,Coihueco,"10,5","12,2"
16,Ñuble,163,Punilla,16303,Ñiquén,"11,1","11,9"
16,Ñuble,163,Punilla,16304,San Fabián,"12,1","14,1"
16,Ñuble,163,Punilla,16305,San Nicolás,"11,2","11,8"
8,Biobío,81,Concepción,8101,Concepción,"12,4","14,1"
8,Biobío,81,Concepción,8102,Coronel,"10,6","12,5"
8,Biobío,81,Concepción,8103,Chiguayante,"11,9","13,8"
8,Biobío,81,Concepción,8104,Florida,"11,5","13,1"
8,Biobío,81,Concepción,8105,Hualqui,"10,2","12,0"
8,Biobío,81,Concepción,8106,Lota,"10,7","12,5"
8,Biobío,81,Concepción,8107,Penco,"11,4","13,2"
8,Biobío,81,Concepción,8108,San Pedro de La paz,"11,9","14,0"
8,Biobío,81,Concepción,8109,Santa Juana,"10,6","12,7"
8,Biobío,81,Concepción,8110,Talcahuano,"11,2","13,1"
8,Biobío,81,Concepción,8111,Tomé,"11,3","13,2"
8,Biobío,81,Concepción,8112,Hualpén,"11,6","13,4"
8,Biobío,82,Arauco,8201,Lebu,"9,7","11,3"
8,Biobío,82,Arauco,8202,Arauco,"11,2","13,1"
8,Biobío,82,Arauco,8203,Cañete,"10,6","11,9"
8,Biobío,82,Arauco,8204,Contulmo,"9,9","11,6"
8,Biobío,82,Arauco,8205,Curanilahue,"10,8","12,7"
8,Biobío,82,Arauco,8206,Los Álamos,"11,1","12,2"
8,Biobío,82,Arauco,8207,Tirúa,"13,1","13,7"
8,Biobío,83,Biobío,8301,Los Ángeles,"11,6","13,4"
8,Biobío,83,Biobío,8302,Antuco,"11,1","11,9"
8,Biobío,83,Biobío,8303,Cabrero,"10,6","12,8"
8,Biobío,83,Biobío,8304,Laja,"11,3","13,2"
8,Biobío,83,Biobío,8305,Mulchén,"11,5","12,5"
8,Biobío,83,Biobío,8306,Nacimiento,"10,8","12,3"
8,Biobío,83,Biobío,8307,Negrete,"11,3","12,4"
8,Biobío,83,Biobío,8308,Quilaco,"10,3","12,1"
8,Biobío,83,Biobío,8309,Quilleco,"10,4","12,2"
8,Biobío,83,Biobío,8310,San Rosendo,"12,6","14,0"
8,Biobío,83,Biobío,8311,Santa Bárbara,"11,4","13,0"
8,Biobío,83,Biobío,8312,Tucapel,"10,4","12,1"
8,Biobío,83,Biobío,8313,Yumbel,"10,9","12,9"
8,Biobío,83,Biobío,8314,Alto Biobío,"12,6","13,2"
9,La Araucanía,91,Cautín,9101,Temuco,"12,3","13,8"
9,La Araucanía,91,Cautín,9102,Carahue,"11,8","12,6"
9,La Araucanía,91,Cautín,9103,Cunco,"11,2","12,4"
9,La Araucanía,91,Cautín,9104,Curarrehue,"11,4","12,5"
9,La Araucanía,91,Cautín,9105,Freire,"11,2","12,1"
9,La Araucanía,91,Cautín,9106,Galvarino,"10,3","11,0"
9,La Araucanía,91,Cautín,9107,Gorbea,"10,6","11,7"
9,La Araucanía,91,Cautín,9108,Lautaro,"11,6","13,0"
9,La Araucanía,91,Cautín,9109,Loncoche,"12,1","12,9"
9,La Araucanía,91,Cautín,9110,Melipeuco,"11,7","12,5"
9,La Araucanía,91,Cautín,9111,Nueva Imperial,"11,3","12,2"
9,La Araucanía,91,Cautín,9112,Padre Las Casas,"11,4","13,0"
9,La Araucanía,91,Cautín,9113,Perquenco,"12,6","13,6"
9,La Araucanía,91,Cautín,9114,Pitrufquén,"12,0","13,1"
9,La Araucanía,91,Cautín,9115,Pucón,"12,6","13,7"
9,La Araucanía,91,Cautín,9116,Saavedra,"12,1","12,6"
9,La Araucanía,91,Cautín,9117,Teodoro Schmidt,"10,7","11,9"
9,La Araucanía,91,Cautín,9118,Toltén,"11,9","12,8"
9,La Araucanía,91,Cautín,9119,Vilcún,"12,0","13,1"
9,La Araucanía,91,Cautín,9120,Villarrica,"12,0","13,2"
9,La Araucanía,91,Cautín,9121,Cholchol,"10,5","12,7"
9,La Araucanía,92,Malleco,9201,Angol,"11,8","13,5"
9,La Araucanía,92,Malleco,9202,Collipulli,"11,0","12,2"
9,La Araucanía,92,Malleco,9203,Curacautín,"11,7","12,6"
9,La Araucanía,92,Malleco,9204,Ercilla,"9,8","11,5"
9,La Araucanía,92,Malleco,9205,Lonquimay,"11,3","12,2"
9,La Araucanía,92,Malleco,9206,Los Sauces,"10,8","12,1"
9,La Araucanía,92,Malleco,9207,Lumaco,"11,5","13,9"
9,La Araucanía,92,Malleco,9208,Purén,"11,4","13,9"
9,La Araucanía,92,Malleco,9209,Renaico,"11,7","12,7"
9,La Araucanía,92,Malleco,9210,Traiguén,"12,1","14,0"
9,La Araucanía,92,Malleco,9211,Victoria,"11,6","13,1"
14,Los Ríos,141,Valdivia,14101,Valdivia,"12,6","14,1"
14,Los Ríos,141,Valdivia,14102,Corral,"10,7","12,1"
14,Los Ríos,141,Valdivia,14103,Lanco,"12,1","13,0"
14,Los Ríos,141,Valdivia,14104,Los Lagos,"11,5","12,6"
14,Los Ríos,141,Valdivia,14105,Máfil,"10,9","12,1"
14,Los Ríos,141,Valdivia,14106,Mariquina,"12,1","13,0"
14,Los Ríos,141,Valdivia,14107,Paillaco,"11,4","12,7"
14,Los Ríos,141,Valdivia,14108,Panguipulli,"12,0","13,0"
14,Los Ríos,142,Ranco,14201,La Unión,"11,7","13,1"
14,Los Ríos,142,Ranco,14202,Futrono,"10,8","12,2"
14,Los Ríos,142,Ranco,14203,Lago Ranco,"12,5","13,8"
14,Los Ríos,142,Ranco,14204,Río Bueno,"10,9","12,3"
10,Los Lagos,101,Llanquihue,10101,Puerto Montt,"11,5","13,2"
10,Los Lagos,101,Llanquihue,10102,Calbuco,"10,8","12,4"
10,Los Lagos,101,Llanquihue,10103,Cochamó,"11,5","12,5"
10,Los Lagos,101,Llanquihue,10104,Fresia,"10,0","11,7"
10,Los Lagos,101,Llanquihue,10105,Frutillar,"11,9","13,3"
10,Los Lagos,101,Llanquihue,10106,Los Muermos,"9,9","11,7"
10,Los Lagos,101,Llanquihue,10107,Llanquihue,"10,9","12,9"
10,Los Lagos,101,Llanquihue,10108,Maullín,"9,3","11,6"
10,Los Lagos,101,Llanquihue,10109,Puerto Varas,"12,5","14,2"
10,Los Lagos,102,Chiloé,10201,Castro,"11,6","13,1"
10,Los Lagos,102,Chiloé,10202,Ancud,"11,8","13,2"
10,Los Lagos,102,Chiloé,10203,Chonchi,"12,3","13,1"
10,Los Lagos,102,Chiloé,10204,Curaco de Vélez,"12,5","12,9"
10,Los Lagos,102,Chiloé,10205,Dalcahue,"10,8","12,1"
10,Los Lagos,102,Chiloé,10206,Puqueldón,"10,5","12,0"
10,Los Lagos,102,Chiloé,10207,Queilén,"11,7","12,7"
10,Los Lagos,102,Chiloé,10208,Quellón,"10,5","11,8"
10,Los Lagos,102,Chiloé,10209,Quemchi,"11,0","11,8"
10,Los Lagos,102,Chiloé,10210,Quinchao,"10,8","12,1"
10,Los Lagos,103,Osorno,10301,Osorno,"11,8","13,2"
10,Los Lagos,103,Osorno,10302,Puerto Octay,"11,7","13,3"
10,Los Lagos,103,Osorno,10303,Purranque,"11,4","12,5"
10,Los Lagos,103,Osorno,10304,Puyehue,"11,3","12,7"
10,Los Lagos,103,Osorno,10305,Río Negro,"11,0","13,2"
10,Los Lagos,103,Osorno,10306,San Juan de la Costa,"12,6","13,5"
10,Los Lagos,103,Osorno,10307,San Pablo,"12,1","13,8"
10,Los Lagos,104,Palena,10401,Chaitén,"11,5","13,0"
10,Los Lagos,104,Palena,10402,Futaleufú,"10,7","12,0"
10,Los Lagos,104,Palena,10403,Hualaihué,"11,3","13,1"
10,Los Lagos,104,Palena,10404,Palena,"9,3","10,7"
11,Aysén del General Carlos Ibáñez del Campo,111,Coyhaique,11101,Coyhaique,"11,6","13,0"
11,Aysén del General Carlos Ibáñez del Campo,111,Coyhaique,11102,Lago Verde,"9,3","9,5"
11,Aysén del General Carlos Ibáñez del Campo,112,Aysén,11201,Aysén,"11,1","12,2"
11,Aysén del General Carlos Ibáñez del Campo,112,Aysén,11202,Cisnes,"11,2","12,3"
11,Aysén del General Carlos Ibáñez del Campo,112,Aysén,11203,Guaitecas,"11,3","13,1"
11,Aysén del General Carlos Ibáñez del Campo,113,Capitán Prat,11301,Cochrane,"10,7","11,8"
11,Aysén del General Carlos Ibáñez del Campo,113,Capitán Prat,11302,O'Higgins,"11,1","12,0"
11,Aysén del General Carlos Ibáñez del Campo,113,Capitán Prat,11303,Tortel,"14,5","14,5"
11,Aysén del General Carlos Ibáñez del Campo,114,General Carrera,11401,Chile Chico,"10,4","12,2"
11,Aysén del General Carlos Ibáñez del Campo,114,General Carrera,11402,Río Ibáñez,"12,8","13,2"
12,Magallanes y de la Antártica Chilena,121,Magallanes,12101,Punta Arenas,"11,4","12,8"
12,Magallanes y de la Antártica Chilena,121,Magallanes,12102,Laguna Blanca,"11,1","11,1"
12,Magallanes y de la Antártica Chilena,121,Magallanes,12103,Río Verde,"9,3","9,3"
12,Magallanes y de la Antártica Chilena,121,Magallanes,12104,San Gregorio,"9,1","9,7"
12,Magallanes y de la Antártica Chilena,122,Antártica Chilena,12201,Cabo de Hornos,"13,3","14,2"
12,Magallanes y de la Antártica Chilena,122,Antártica Chilena,12202,Antártica,-,-
12,Magallanes y de la Antártica Chilena,123,Tierra del Fuego,12301,Porvenir,"10,8","12,0"
12,Magallanes y de la Antártica Chilena,123,Tierra del Fuego,12302,Primavera,"9,4","10,9"
12,Magallanes y de la Antártica Chilena,123,Tierra del Fuego,12303,Timaukel,"13,0","13,0"
12,Magallanes y de la Antártica Chilena,124,Última Esperanza,12401,Natales,"11,2","12,5"
12,Magallanes y de la Antártica Chilena,124,Última Esperanza,12402,Torres del Paine,"12,9","14,9"
